method,mse,bias,coverage,runtime_mean_minutes,runtime_median_minutes,runtime_min_minutes,runtime_max_minutes
HT,0.003947872147838264,4.188775411640331e-4,NA,NA,NA,NA,NA
NSB,9.270306050250546e-4,0.0021646938041306883,0.9102040816326531,0.8801233333333334,0.7954749999999999,0.71495,1.1376333333333333
SB,8.544323959544117e-4,0.002173805914429761,0.936734693877551,11.529571666666666,11.499366666666667,9.226183333333333,14.205883333333333
MRP,9.225732358868953e-4,0.0023057876589085654,0.9061224489795918,5.25965,5.554258333333333,3.4923,6.8691
MRP2,9.427967049478952e-4,0.0020263404611298094,0.9204081632653062,4.965416666666667,4.136208333333333,3.8493833333333334,7.033383333333333
MRP2.1,9.402721766466308e-4,0.0019468836673511515,0.9183673469387755,4.8474683333333335,4.259358333333333,4.023533333333334,7.854533333333333
MRP3,9.258532567085763e-4,0.0020868943727385767,0.8918367346938776,5.914436666666666,6.393041666666666,3.7935666666666665,7.584716666666667
MRP4,9.228729806080317e-4,0.0020905745724681666,0.9081632653061225,7.633916666666667,7.911375,5.990383333333333,9.093533333333333
MRP5,9.511215672737892e-4,0.002028834932639413,0.9244897959183673,9.42723,8.505858333333332,7.582833333333334,15.323583333333334
