method,state,state_abbr,mse,bias,coverage,theta_hat_mean,theta_true,n_state_sample_mean,sun_w_state_total_mean,error_mean
HT,01,AL,0.003117252916844437,-0.008274841539429756,NA,0.29243871605486177,0.3007135575942915,69.9,991.9660476808049,-0.008274841539429756
HT,04,AZ,0.0024858783678742818,-0.0024823598118156654,NA,0.2833068378808954,0.28578919769271105,128.7,1887.5124337136733,-0.00248235981181566
HT,05,AR,0.0063102236631256406,-0.009812076078142468,NA,0.27509144265057495,0.2849035187287174,57.6,859.6379765621031,-0.00981207607814244
HT,06,CA,0.003202543784527541,-0.02971647820992442,NA,0.3469727109792648,0.3766891891891892,321.4,4600.025060001625,-0.029716478209924402
HT,08,CO,0.0024833063695580337,-0.015788006897732333,NA,0.27073842857696917,0.2865264354747015,116.7,1738.7228851938157,-0.015788006897732354
HT,09,CT,0.007566876210171542,-0.030219847364988454,NA,0.33359150970912127,0.3638113570741097,64.2,962.2207666575155,-0.03021984736498845
HT,10,DE,0.005808846651621214,0.008578526867171182,NA,0.3307742309244504,0.3221957040572792,72.1,1308.5680570953195,0.008578526867171199
HT,11,DC,0.003956774360414691,-0.016417116949873727,NA,0.24955870343009176,0.2659758203799655,58.7,1083.6135006417053,-0.016417116949873717
HT,12,FL,0.001629824893044945,0.015520018224546333,NA,0.3704688236852972,0.35494880546075086,194.6,2734.3650992455646,0.01552001822454635
HT,13,GA,0.0026893827058563522,-0.026676514526506667,NA,0.3110005392978559,0.3376770538243626,122.1,1726.5711540848156,-0.026676514526506656
HT,16,ID,0.00220636458982797,-0.01543995371634573,NA,0.25930752103112903,0.27474747474747474,83.1,1397.3263165476308,-0.015439953716345711
HT,17,IL,0.005051879005979105,0.03608764813966801,NA,0.3631844223332164,0.3270967741935484,111.7,1557.9237730628552,0.03608764813966803
HT,18,IN,0.0032606401574480103,-0.01999023914260478,NA,0.2994902803379147,0.3194805194805195,81.6,1145.1414897821435,-0.019990239142604782
HT,19,IA,0.0027602986380746266,0.02412660292354727,NA,0.30946691705967294,0.28534031413612565,74.2,1126.3975111339143,0.02412660292354729
HT,20,KS,0.006900459835686336,-0.003963965387406132,NA,0.2605147990913584,0.2644787644787645,69.8,1053.9981283539375,-0.003963965387406121
HT,21,KY,0.0033051871061817928,-0.012067427540592413,NA,0.3420626251834849,0.3541300527240773,73.4,1085.0003483656756,-0.012067427540592424
HT,22,LA,0.005853967048894329,0.003632814003705448,NA,0.41172529955283843,0.40809248554913297,57.3,833.4319819168686,0.0036328140037054646
HT,23,ME,0.005295911552346974,0.005581931672290133,NA,0.30382754570737786,0.2982456140350877,66.7,1116.9365973992942,0.005581931672290152
HT,24,MD,0.003217760868164219,0.011258655376937831,NA,0.320650920570308,0.30939226519337015,110.7,1632.701548212221,0.01125865537693782
HT,25,MA,0.003304774156437883,0.03276123827368515,NA,0.3787708794091967,0.3460096411355115,128.6,1930.7288769322638,0.032761238273685156
HT,26,MI,0.0016736384061101148,0.009775149919533311,NA,0.41253871184379126,0.40276356192425794,140,2037.5947068972205,0.009775149919533321
HT,27,MN,0.0021523964818147964,0.019778900156665884,NA,0.33870894130892926,0.31893004115226337,100.3,1471.713136250378,0.01977890015666589
HT,28,MS,0.0034091328623394443,-0.017699669492804326,NA,0.3192050924119576,0.33690476190476193,54.4,811.5910950675451,-0.017699669492804326
HT,29,MO,0.005744429835219149,-0.03981471310243279,NA,0.27089024773307635,0.31070496083550914,78.5,1112.3342121035537,-0.039814713102432786
HT,30,MT,0.0030205659654599336,0.011951203814716222,NA,0.28781327278023344,0.27586206896551724,66.9,1166.924150411213,0.011951203814716205
HT,31,NE,0.004193249169003155,0.014229076116535821,NA,0.28308444435078606,0.2688553682342502,69.5,1118.2252058789481,0.014229076116535844
HT,32,NV,0.002037422902345297,-0.021573212986577727,NA,0.3663578214961809,0.3879310344827586,73.3,1146.8901445766114,-0.021573212986577717
HT,33,NH,0.002974145479831159,0.021636826957403682,NA,0.33312430854797803,0.3114874815905744,79.2,1368.995219537217,0.021636826957403654
HT,34,NJ,0.005688656954804422,-0.003057789525250315,NA,0.36446988575150246,0.3675276752767528,98.6,1386.5628627859637,-0.0030577895252503207
HT,35,NM,0.01076950869079515,0.01373541341395899,NA,0.3304416683624942,0.3167062549485352,78.9,1305.7092571249393,0.013735413413959008
HT,36,NY,0.005727516131181459,0.020859421904902982,NA,0.36330888682761403,0.34244946492271106,127.7,1734.3960533520792,0.020859421904902975
HT,37,NC,0.005076491387210311,0.007402124493294504,NA,0.31619411877492426,0.30879199428162973,98.4,1364.4080238607926,0.007402124493294526
HT,38,ND,0.0056734924763722815,-0.02712100945466096,NA,0.2737869023481925,0.3009079118028534,44.7,775.7517720036569,-0.02712100945466095
HT,39,OH,0.002670632569539681,0.015942866687955127,NA,0.3345131852582737,0.3185703185703186,93.9,1281.1107425096918,0.015942866687955137
HT,40,OK,0.004242406799372974,-0.01767784468762588,NA,0.26876456102083485,0.28644240570846075,69.9,1009.9391530709852,-0.0176778446876259
HT,41,OR,0.0036208723854398383,0.009724601929782395,NA,0.32628901910769653,0.3165644171779141,104.9,1614.2092465817066,0.009724601929782417
HT,42,PA,0.001207311403258325,0.01951074657543418,NA,0.35997127289122366,0.3404605263157895,133,1869.1177183894058,0.019510746575434168
HT,44,RI,0.003924502860707253,0.003051357940616234,NA,0.34641813609000305,0.3433667781493868,52.7,898.9365853561067,0.0030513579406162283
HT,45,SC,0.0013105567255384321,0.005851022404108086,NA,0.3187595191361342,0.31290849673202614,83.2,1209.7130298847528,0.005851022404108064
HT,46,SD,0.006206579018961072,0.004231646335201941,NA,0.29961626171981737,0.2953846153846154,39.6,659.3230529651082,0.004231646335201955
HT,47,TN,0.003955888045765472,-0.011736966460908526,NA,0.31547505357248046,0.327212020033389,84.3,1189.6816692402808,-0.011736966460908549
HT,48,TX,0.0014478269121520621,0.01070199483085898,NA,0.3463602337149043,0.33565823888404533,250.6,3538.301644130121,0.010701994830858985
HT,49,UT,0.002365403746309673,0.012340853698285855,NA,0.24274085369828585,0.2304,117.7,1876.5179209287921,0.012340853698285859
HT,50,VT,0.005946906682003041,0.011299174588293354,NA,0.3471770371837132,0.33587786259541985,58.6,1089.5006707756222,0.011299174588293326
HT,51,VA,0.0017443678552921129,-0.018832018307579343,NA,0.25278601882769913,0.2716180371352785,123,1780.3126283971242,-0.018832018307579357
HT,53,WA,0.0010510258868559,0.003448596360250844,NA,0.3317654280434192,0.32831683168316833,177,2685.6634970431396,0.003448596360250855
HT,54,WV,0.00405886750607048,0.01679945268196902,NA,0.29487431899212946,0.27807486631016043,60.6,959.7283107422182,0.01679945268196903
HT,55,WI,0.0029697252224912237,-0.015570567327535825,NA,0.29142531744612676,0.3069958847736626,82.3,1179.339142367912,-0.015570567327535811
HT,56,WY,0.008174061999750796,0.014639751736457093,NA,0.29285497483357,0.2782152230971129,43.2,768.3267736364104,0.014639751736457096
NSB,01,AL,7.410697774083367e-4,0.023201617585003033,1,0.3239151751792946,0.3007135575942915,69.9,991.9660476808049,0.023201617585003054
NSB,04,AZ,9.385390103149608e-4,0.015919846969321895,1,0.30170904466203297,0.28578919769271105,128.7,1887.5124337136733,0.015919846969321916
NSB,05,AR,8.890892696802766e-4,0.02573244677807084,0.9,0.31063596550678824,0.2849035187287174,57.6,859.6379765621031,0.02573244677807085
NSB,06,CA,0.0011980959016101075,-0.025460947717862607,0.7,0.3512282414713266,0.3766891891891892,321.4,4600.025060001625,-0.025460947717862614
NSB,08,CO,6.153038879261854e-4,0.011928151708435836,0.9,0.29845458718313733,0.2865264354747015,116.7,1738.7228851938157,0.011928151708435808
NSB,09,CT,0.00135304748081813,-0.028468196005156134,0.9,0.33534316106895357,0.3638113570741097,64.2,962.2207666575155,-0.028468196005156154
NSB,10,DE,6.23414948932131e-4,-0.006759673363908925,1,0.3154360306933703,0.3221957040572792,72.1,1308.5680570953195,-0.006759673363908925
NSB,11,DC,0.0038566641104728593,0.057728492420461,0.5,0.3237043128004265,0.2659758203799655,58.7,1083.6135006417053,0.05772849242046102
NSB,12,FL,5.252086319001814e-4,-0.017374365226177524,1,0.33757444023457334,0.35494880546075086,194.6,2734.3650992455646,-0.017374365226177524
NSB,13,GA,3.6541193147660933e-4,-0.010098212031022086,1,0.3275788417933405,0.3376770538243626,122.1,1726.5711540848156,-0.010098212031022069
NSB,16,ID,9.412267713252159e-4,0.021382186946241222,1,0.29612966169371596,0.27474747474747474,83.1,1397.3263165476308,0.021382186946241222
NSB,17,IL,4.6181508722496577e-4,0.00822418542874533,1,0.3353209596222937,0.3270967741935484,111.7,1557.9237730628552,0.008224185428745312
NSB,18,IN,2.7224366938061786e-4,-0.007830412566625583,1,0.3116501069138939,0.3194805194805195,81.6,1145.1414897821435,-0.007830412566625589
NSB,19,IA,7.237061736648343e-4,0.02405154981199655,1,0.3093918639481222,0.28534031413612565,74.2,1126.3975111339143,0.02405154981199653
NSB,20,KS,0.0012390480266696185,0.03198017561663047,0.8,0.296458940095395,0.2644787644787645,69.8,1053.9981283539375,0.03198017561663047
NSB,21,KY,7.354095801234441e-4,-0.02292279329032022,1,0.3312072594337571,0.3541300527240773,73.4,1085.0003483656756,-0.02292279329032021
NSB,22,LA,0.001988122755837206,-0.03798508614242213,0.8,0.37010739940671084,0.40809248554913297,57.3,833.4319819168686,-0.03798508614242213
NSB,23,ME,5.087255711843098e-4,-0.0025064224324618635,1,0.29573919160262585,0.2982456140350877,66.7,1116.9365973992942,-0.0025064224324618523
NSB,24,MD,9.528665031675481e-4,0.018205354502007505,0.9,0.32759761969537765,0.30939226519337015,110.7,1632.701548212221,0.018205354502007498
NSB,25,MA,4.4052974607345974e-4,-0.009563460950222064,0.9,0.3364461801852895,0.3460096411355115,128.6,1930.7288769322638,-0.009563460950222036
NSB,26,MI,0.0031617151608370688,-0.04886839395782727,0.6,0.35389516796643067,0.40276356192425794,140,2037.5947068972205,-0.04886839395782727
NSB,27,MN,3.332368782365926e-4,-0.0051311251680004055,1,0.31379891598426296,0.31893004115226337,100.3,1471.713136250378,-0.0051311251680004055
NSB,28,MS,3.8940685611152295e-4,0.00641368648867871,1,0.3433184483934406,0.33690476190476193,54.4,811.5910950675451,0.006413686488678683
NSB,29,MO,4.119914124126227e-4,-0.004368811038909459,1,0.3063361497965997,0.31070496083550914,78.5,1112.3342121035537,-0.004368811038909459
NSB,30,MT,6.520031994201292e-4,0.02076458590587093,0.9,0.2966266548713882,0.27586206896551724,66.9,1166.924150411213,0.020764585905870936
NSB,31,NE,0.0016002332541329865,0.03248375705178323,0.8,0.30133912528603346,0.2688553682342502,69.5,1118.2252058789481,0.032483757051783246
NSB,32,NV,0.0026671647882892703,-0.04805703176806019,0.7,0.3398740027146984,0.3879310344827586,73.3,1146.8901445766114,-0.0480570317680602
NSB,33,NH,3.902567567440213e-4,-0.006219073706413248,1,0.30526840788416115,0.3114874815905744,79.2,1368.995219537217,-0.006219073706413225
NSB,34,NJ,0.0014739827341088642,-0.027882219096056076,0.8,0.3396454561806967,0.3675276752767528,98.6,1386.5628627859637,-0.027882219096056093
NSB,35,NM,6.261325580973106e-4,0.01405447935613684,1,0.33076073430467207,0.3167062549485352,78.9,1305.7092571249393,0.01405447935613685
NSB,36,NY,6.73558763150683e-4,-0.006778350922354376,1,0.33567111400035665,0.34244946492271106,127.7,1734.3960533520792,-0.006778350922354404
NSB,37,NC,0.0010170680007298549,0.019231926430453877,1,0.32802392071208364,0.30879199428162973,98.4,1364.4080238607926,0.019231926430453905
NSB,38,ND,1.4371571421734031e-4,0.0014606923619816636,1,0.3023686041648351,0.3009079118028534,44.7,775.7517720036569,0.0014606923619816525
NSB,39,OH,5.123598109820039e-4,0.00529431277755833,1,0.3238646313478769,0.3185703185703186,93.9,1281.1107425096918,0.005294312777558319
NSB,40,OK,0.0011962246181605844,0.021459514973719306,0.7,0.30790192068218003,0.28644240570846075,69.9,1009.9391530709852,0.021459514973719285
NSB,41,OR,5.416424458173084e-4,-0.002250831855705604,1,0.3143135853222085,0.3165644171779141,104.9,1614.2092465817066,-0.002250831855705626
NSB,42,PA,4.337906269028211e-4,-0.011271842816449884,1,0.3291886834993396,0.3404605263157895,133,1869.1177183894058,-0.011271842816449884
NSB,44,RI,5.567594578624951e-4,-0.0183573745961928,0.9,0.325009403553194,0.3433667781493868,52.7,898.9365853561067,-0.0183573745961928
NSB,45,SC,2.9906245688076283e-4,0.007486681716136934,1,0.32039517844816306,0.31290849673202614,83.2,1209.7130298847528,0.007486681716136923
NSB,46,SD,4.463595418098032e-4,0.007417256021324825,1,0.3028018714059402,0.2953846153846154,39.6,659.3230529651082,0.007417256021324814
NSB,47,TN,3.6130738965705294e-4,-0.005715734615726132,1,0.3214962854176629,0.327212020033389,84.3,1189.6816692402808,-0.005715734615726109
NSB,48,TX,1.882231292445507e-4,0.004908570311247684,1,0.34056680919529303,0.33565823888404533,250.6,3538.301644130121,0.004908570311247695
NSB,49,UT,0.003355139331220092,0.052081885221944055,0.5,0.28248188522194406,0.2304,117.7,1876.5179209287921,0.05208188522194407
NSB,50,VT,0.0010334524653160784,-0.025453983573760573,0.8,0.3104238790216593,0.33587786259541985,58.6,1089.5006707756222,-0.025453983573760552
NSB,51,VA,0.0011689593687350854,0.027797165120002115,0.7,0.2994152022552806,0.2716180371352785,123,1780.3126283971242,0.027797165120002132
NSB,53,WA,5.567999396092064e-4,-0.015154516188044037,0.9,0.3131623154951243,0.32831683168316833,177,2685.6634970431396,-0.015154516188044032
NSB,54,WV,8.909591286174093e-4,0.022466179115320405,1,0.3005410454254808,0.27807486631016043,60.6,959.7283107422182,0.022466179115320395
NSB,55,WI,3.6171299014494984e-4,9.227543950822981e-4,1,0.30791863916874485,0.3069958847736626,82.3,1179.339142367912,9.227543950822703e-4
NSB,56,WY,6.117420335882073e-4,0.017951400417928053,1,0.2961666235150409,0.2782152230971129,43.2,768.3267736364104,0.017951400417928032
SB,01,AL,7.08288366378374e-4,0.021521091171217605,1,0.3222346487655091,0.3007135575942915,69.9,991.9660476808049,0.021521091171217588
SB,04,AZ,8.10182033178278e-4,0.012901754267135399,1,0.29869095195984646,0.28578919769271105,128.7,1887.5124337136733,0.012901754267135412
SB,05,AR,6.214079753527967e-4,0.022217500924513765,1,0.30712101965323113,0.2849035187287174,57.6,859.6379765621031,0.022217500924513744
SB,06,CA,0.0013425648266971071,-0.027132735656158195,0.7,0.349556453533031,0.3766891891891892,321.4,4600.025060001625,-0.027132735656158202
SB,08,CO,5.250131266361416e-4,0.005579470466022901,1,0.29210590594072444,0.2865264354747015,116.7,1738.7228851938157,0.005579470466022918
SB,09,CT,9.119051336508168e-4,-0.012539668637972845,1,0.3512716884361369,0.3638113570741097,64.2,962.2207666575155,-0.012539668637972845
SB,10,DE,5.196130435172019e-4,-0.003406607757715313,1,0.31878909629956387,0.3221957040572792,72.1,1308.5680570953195,-0.003406607757715341
SB,11,DC,0.0031329520163718818,0.048927099182453186,0.6,0.31490291956241867,0.2659758203799655,58.7,1083.6135006417053,0.04892709918245319
SB,12,FL,5.626058709891249e-4,-0.01790678001278368,1,0.3370420254479672,0.35494880546075086,194.6,2734.3650992455646,-0.017906780012783674
SB,13,GA,3.9111245329103903e-4,-0.011201653845484933,1,0.32647539997887765,0.3376770538243626,122.1,1726.5711540848156,-0.011201653845484938
SB,16,ID,7.961875548621608e-4,0.01897787584875212,1,0.29372535059622684,0.27474747474747474,83.1,1397.3263165476308,0.0189778758487521
SB,17,IL,3.451287878709217e-4,0.009209501411641197,1,0.33630627560518955,0.3270967741935484,111.7,1557.9237730628552,0.009209501411641174
SB,18,IN,2.611927652157653e-4,-0.0043216191482814414,1,0.31515890033223803,0.3194805194805195,81.6,1145.1414897821435,-0.0043216191482814414
SB,19,IA,5.899859315570458e-4,0.021636239862336426,1,0.3069765539984621,0.28534031413612565,74.2,1126.3975111339143,0.021636239862336426
SB,20,KS,7.616530844454162e-4,0.023736658995719397,1,0.2882154234744839,0.2644787644787645,69.8,1053.9981283539375,0.023736658995719417
SB,21,KY,8.394012385889431e-4,-0.02593569974121728,1,0.32819435298286004,0.3541300527240773,73.4,1085.0003483656756,-0.02593569974121729
SB,22,LA,0.0024903033589384,-0.04201779861058956,0.7,0.3660746869385434,0.40809248554913297,57.3,833.4319819168686,-0.042017798610589574
SB,23,ME,7.822380326045587e-4,0.009146262777198783,1,0.30739187681228647,0.2982456140350877,66.7,1116.9365973992942,0.009146262777198766
SB,24,MD,9.039298570031423e-4,0.017864187179637635,0.9,0.32725645237300777,0.30939226519337015,110.7,1632.701548212221,0.017864187179637614
SB,25,MA,3.8788987218282194e-4,9.308386036488037e-4,1,0.3469404797391603,0.3460096411355115,128.6,1930.7288769322638,9.30838603648787e-4
SB,26,MI,0.0030580373916339106,-0.04853360758440202,0.6,0.35422995433985593,0.40276356192425794,140,2037.5947068972205,-0.048533607584402005
SB,27,MN,3.7475004435173103e-4,-0.004169404937854043,1,0.3147606362144093,0.31893004115226337,100.3,1471.713136250378,-0.00416940493785406
SB,28,MS,4.491035986769574e-4,0.004210185716360071,1,0.341114947621122,0.33690476190476193,54.4,811.5910950675451,0.00421018571636006
SB,29,MO,3.41461388605242e-4,-0.007357248446623432,1,0.3033477123888857,0.31070496083550914,78.5,1112.3342121035537,-0.007357248446623443
SB,30,MT,4.794453112707428e-4,0.015803070697833387,1,0.2916651396633506,0.27586206896551724,66.9,1166.924150411213,0.015803070697833377
SB,31,NE,0.0012062609451752387,0.027428554854268324,0.8,0.29628392308851853,0.2688553682342502,69.5,1118.2252058789481,0.027428554854268317
SB,32,NV,0.0033430765868893435,-0.054203002867022385,0.6,0.3337280316157362,0.3879310344827586,73.3,1146.8901445766114,-0.0542030028670224
SB,33,NH,3.804950291926675e-4,0.007625074058398901,1,0.3191125556489733,0.3114874815905744,79.2,1368.995219537217,0.007625074058398906
SB,34,NJ,0.001173637926929849,-0.020481167258623083,1,0.3470465080181297,0.3675276752767528,98.6,1386.5628627859637,-0.02048116725862309
SB,35,NM,5.517677236373497e-4,0.005801135641711835,1,0.322507390590247,0.3167062549485352,78.9,1305.7092571249393,0.005801135641711808
SB,36,NY,6.591912374326481e-4,0.004299340877500663,1,0.3467488058002117,0.34244946492271106,127.7,1734.3960533520792,0.004299340877500668
SB,37,NC,7.93808241132493e-4,0.015615688113254195,1,0.32440768239488393,0.30879199428162973,98.4,1364.4080238607926,0.0156156881132542
SB,38,ND,0.00025200864651050753,1.5668833664128634e-4,1,0.3010646001394947,0.3009079118028534,44.7,775.7517720036569,1.5668833664128634e-4
SB,39,OH,5.118333327790967e-4,0.00938422377105828,1,0.3279545423413769,0.3185703185703186,93.9,1281.1107425096918,0.009384223771058298
SB,40,OK,9.271517363192288e-4,0.016534041990288517,0.9,0.30297644769874926,0.28644240570846075,69.9,1009.9391530709852,0.016534041990288517
SB,41,OR,6.473540442210277e-4,-0.0037380827012820526,1,0.31282633447663205,0.3165644171779141,104.9,1614.2092465817066,-0.003738082701282064
SB,42,PA,3.416367918999018e-4,-0.00936287530405922,1,0.3310976510117303,0.3404605263157895,133,1869.1177183894058,-0.009362875304059215
SB,44,RI,4.839770140457824e-4,-0.001897153940545282,1,0.3414696242088415,0.3433667781493868,52.7,898.9365853561067,-0.001897153940545293
SB,45,SC,3.549962718853511e-4,0.003948900276402401,1,0.3168573970084285,0.31290849673202614,83.2,1209.7130298847528,0.003948900276402378
SB,46,SD,3.420332344050199e-4,0.0026640275896529344,1,0.29804864297426836,0.2953846153846154,39.6,659.3230529651082,0.002664027589652951
SB,47,TN,3.462476046503333e-4,-0.010503468760120788,1,0.31670855127326825,0.327212020033389,84.3,1189.6816692402808,-0.01050346876012076
SB,48,TX,1.4311602917909912e-4,0.0010676985820640861,1,0.3367259374661094,0.33565823888404533,250.6,3538.301644130121,0.0010676985820640694
SB,49,UT,0.0030247095430402096,0.04933935912560791,0.5,0.2797393591256079,0.2304,117.7,1876.5179209287921,0.049339359125607885
SB,50,VT,6.57818527119749e-4,-0.011675664993239859,1,0.32420219760218,0.33587786259541985,58.6,1089.5006707756222,-0.011675664993239854
SB,51,VA,0.0010351909135865897,0.02544760736152583,0.7,0.29706564449680434,0.2716180371352785,123,1780.3126283971242,0.025447607361525848
SB,53,WA,6.390346924673866e-4,-0.0168991377655968,1,0.3114176939175715,0.32831683168316833,177,2685.6634970431396,-0.016899137765596817
SB,54,WV,7.941174042248267e-4,0.022442145217013855,0.9,0.3005170115271743,0.27807486631016043,60.6,959.7283107422182,0.022442145217013876
SB,55,WI,4.1522302741891305e-4,0.003986208459413237,1,0.3109820932330758,0.3069958847736626,82.3,1179.339142367912,0.003986208459413221
SB,56,WY,4.5614783375304106e-4,0.011397436417357576,1,0.28961265951447046,0.2782152230971129,43.2,768.3267736364104,0.011397436417357576
MRP,01,AL,7.158325417441683e-4,0.02330500322656694,1,0.32401856082085845,0.3007135575942915,69.9,991.9660476808049,0.023305003226566923
MRP,04,AZ,9.506895310656712e-4,0.016696096280380667,1,0.3024852939730917,0.28578919769271105,128.7,1887.5124337136733,0.016696096280380657
MRP,05,AR,9.264737072657949e-4,0.026674340919202583,1,0.31157785964791995,0.2849035187287174,57.6,859.6379765621031,0.026674340919202566
MRP,06,CA,0.001179578627707965,-0.025913070131861254,0.7,0.350776119057328,0.3766891891891892,321.4,4600.025060001625,-0.025913070131861227
MRP,08,CO,5.78071180246739e-4,0.012695569574924398,0.9,0.2992220050496259,0.2865264354747015,116.7,1738.7228851938157,0.012695569574924404
MRP,09,CT,0.0013749395984460893,-0.029648023558026405,0.8,0.3341633335160833,0.3638113570741097,64.2,962.2207666575155,-0.029648023558026426
MRP,10,DE,6.062378292101872e-4,-0.007084587977711582,1,0.31511111607956765,0.3221957040572792,72.1,1308.5680570953195,-0.007084587977711554
MRP,11,DC,0.0038519031957775923,0.057747761325356424,0.6,0.3237235817053219,0.2659758203799655,58.7,1083.6135006417053,0.05774776132535642
MRP,12,FL,5.328959910585212e-4,-0.01804726422975016,0.9,0.3369015412310007,0.35494880546075086,194.6,2734.3650992455646,-0.01804726422975017
MRP,13,GA,3.7039613565493054e-4,-0.010498866667595825,1,0.3271781871567668,0.3376770538243626,122.1,1726.5711540848156,-0.010498866667595808
MRP,16,ID,9.290361123467538e-4,0.021654729937476046,1,0.29640220468495077,0.27474747474747474,83.1,1397.3263165476308,0.021654729937476025
MRP,17,IL,3.9123971107640304e-4,0.007570552994767732,1,0.3346673271883161,0.3270967741935484,111.7,1557.9237730628552,0.007570552994767721
MRP,18,IN,2.7436278347694684e-4,-0.0073671423288184604,1,0.312113377151701,0.3194805194805195,81.6,1145.1414897821435,-0.007367142328818466
MRP,19,IA,7.313318738426289e-4,0.02422483843033637,1,0.309565152566462,0.28534031413612565,74.2,1126.3975111339143,0.02422483843033635
MRP,20,KS,0.0013398901231263661,0.033544378514193667,0.8,0.2980231429929582,0.2644787644787645,69.8,1053.9981283539375,0.03354437851419367
MRP,21,KY,7.306599837640822e-4,-0.023430518979620767,1,0.33069953374445654,0.3541300527240773,73.4,1085.0003483656756,-0.023430518979620785
MRP,22,LA,0.0021092609352331734,-0.03939821417526799,0.8,0.36869427137386496,0.40809248554913297,57.3,833.4319819168686,-0.03939821417526801
MRP,23,ME,4.971016360107294e-4,-0.0018189504343175845,1,0.29642666360077013,0.2982456140350877,66.7,1116.9365973992942,-0.0018189504343175678
MRP,24,MD,9.100776343401106e-4,0.01839724846604272,0.9,0.3277895136594129,0.30939226519337015,110.7,1632.701548212221,0.018397248466042737
MRP,25,MA,4.2495489356509026e-4,-0.009569119611610022,0.9,0.3364405215239015,0.3460096411355115,128.6,1930.7288769322638,-0.00956911961161
MRP,26,MI,0.0032087975006317333,-0.0491753880336843,0.7,0.3535881738905736,0.40276356192425794,140,2037.5947068972205,-0.04917538803368432
MRP,27,MN,3.082787258508632e-4,-0.004319251757903919,1,0.31461078939435944,0.31893004115226337,100.3,1471.713136250378,-0.00431925175790393
MRP,28,MS,3.695940634788917e-4,0.006264421841968848,1,0.3431691837467308,0.33690476190476193,54.4,811.5910950675451,0.006264421841968848
MRP,29,MO,3.907752463881235e-4,-0.003763705966119646,1,0.3069412548693895,0.31070496083550914,78.5,1112.3342121035537,-0.003763705966119635
MRP,30,MT,6.442799726256066e-4,0.020983459249886045,0.9,0.2968455282154033,0.27586206896551724,66.9,1166.924150411213,0.02098345924988604
MRP,31,NE,0.0016293005248283773,0.03346415797347045,0.6,0.3023195262077207,0.2688553682342502,69.5,1118.2252058789481,0.033464157973470465
MRP,32,NV,0.002713212673991477,-0.048639289924958494,0.7,0.33929174455780015,0.3879310344827586,73.3,1146.8901445766114,-0.04863928992495847
MRP,33,NH,3.786478116199828e-4,-0.005282684984587288,1,0.3062047966059871,0.3114874815905744,79.2,1368.995219537217,-0.0052826849845872825
MRP,34,NJ,0.0013959355705006555,-0.027891946802544355,0.8,0.3396357284742084,0.3675276752767528,98.6,1386.5628627859637,-0.027891946802544365
MRP,35,NM,6.061050990500589e-4,0.013698004690241688,0.9,0.3304042596387769,0.3167062549485352,78.9,1305.7092571249393,0.013698004690241683
MRP,36,NY,6.540634273828677e-4,-0.0062410449050486925,1,0.3362084200176624,0.34244946492271106,127.7,1734.3960533520792,-0.006241044905048676
MRP,37,NC,9.873564140049714e-4,0.01938339535732909,1,0.3281753896389588,0.30879199428162973,98.4,1364.4080238607926,0.01938339535732908
MRP,38,ND,1.406758478578644e-4,0.002876301164701506,1,0.3037842129675549,0.3009079118028534,44.7,775.7517720036569,0.0028763011647015
MRP,39,OH,5.197859975502512e-4,0.0054315788998596185,1,0.3240018974701782,0.3185703185703186,93.9,1281.1107425096918,0.005431578899859624
MRP,40,OK,0.0012251868594963936,0.021013130928830358,0.7,0.3074555366372911,0.28644240570846075,69.9,1009.9391530709852,0.021013130928830337
MRP,41,OR,4.922854207854213e-4,-0.002044449098674311,1,0.3145199680792398,0.3165644171779141,104.9,1614.2092465817066,-0.0020444490986742947
MRP,42,PA,4.2190551341529366e-4,-0.011423383952997874,1,0.32903714236279163,0.3404605263157895,133,1869.1177183894058,-0.011423383952997856
MRP,44,RI,5.664903129111046e-4,-0.01876988503412173,0.9,0.3245968931152651,0.3433667781493868,52.7,898.9365853561067,-0.018769885034121747
MRP,45,SC,2.7834479601429027e-4,0.007484794303667086,1,0.32039329103569325,0.31290849673202614,83.2,1209.7130298847528,0.007484794303667108
MRP,46,SD,4.220606164745818e-4,0.0073622083447327956,1,0.3027468237293482,0.2953846153846154,39.6,659.3230529651082,0.007362208344732779
MRP,47,TN,3.0915587834696816e-4,-0.0058675737243642275,1,0.32134444630902476,0.327212020033389,84.3,1189.6816692402808,-0.00586757372436425
MRP,48,TX,1.737500897325226e-4,0.004192582065387834,1,0.3398508209494332,0.33565823888404533,250.6,3538.301644130121,0.004192582065387862
MRP,49,UT,0.0034341425736304078,0.05273481969660432,0.5,0.2831348196966043,0.2304,117.7,1876.5179209287921,0.05273481969660432
MRP,50,VT,9.667246913529836e-4,-0.024738122338108855,0.8,0.311139740257311,0.33587786259541985,58.6,1089.5006707756222,-0.024738122338108848
MRP,51,VA,0.0011819773138860802,0.028052050959570925,0.7,0.2996700880948494,0.2716180371352785,123,1780.3126283971242,0.028052050959570918
MRP,53,WA,5.191311122254141e-4,-0.014192077737185099,1,0.3141247539459832,0.32831683168316833,177,2685.6634970431396,-0.014192077737185116
MRP,54,WV,8.754725281693637e-4,0.02291334222699614,0.9,0.3009882085371566,0.27807486631016043,60.6,959.7283107422182,0.022913342226996147
MRP,55,WI,3.4695761777545916e-4,0.001149186035475197,1,0.3081450708091378,0.3069958847736626,82.3,1179.339142367912,0.0011491860354752026
MRP,56,WY,6.207603335199153e-4,0.018594204233429085,1,0.29680942733054194,0.2782152230971129,43.2,768.3267736364104,0.018594204233429057
MRP2,01,AL,6.08831381376814e-4,0.020673987974901387,1,0.3213875455691929,0.3007135575942915,69.9,991.9660476808049,0.020673987974901387
MRP2,04,AZ,8.880623408946634e-4,0.016095387848910826,1,0.3018845855416219,0.28578919769271105,128.7,1887.5124337136733,0.016095387848910847
MRP2,05,AR,7.491505700305512e-4,0.02224795914943923,1,0.3071514778781566,0.2849035187287174,57.6,859.6379765621031,0.022247959149439223
MRP2,06,CA,0.0011665188751406766,-0.025161925273241993,0.7,0.3515272639159472,0.3766891891891892,321.4,4600.025060001625,-0.025161925273242014
MRP2,08,CO,6.496739636846719e-4,0.011618574815875932,0.9,0.29814501029057744,0.2865264354747015,116.7,1738.7228851938157,0.011618574815875915
MRP2,09,CT,0.0013452475945743515,-0.027468835402441875,0.9,0.33634252167166784,0.3638113570741097,64.2,962.2207666575155,-0.027468835402441882
MRP2,10,DE,6.66044966635059e-4,-0.007032947101441161,1,0.31516275695583806,0.3221957040572792,72.1,1308.5680570953195,-0.007032947101441145
MRP2,11,DC,0.0037604000211519505,0.056897323631523444,0.5,0.3228731440114889,0.2659758203799655,58.7,1083.6135006417053,0.056897323631523444
MRP2,12,FL,5.551563126152354e-4,-0.0193540961868912,1,0.33559470927385965,0.35494880546075086,194.6,2734.3650992455646,-0.019354096186891212
MRP2,13,GA,2.863071667478873e-4,-0.0100313461341695,1,0.3276457076901931,0.3376770538243626,122.1,1726.5711540848156,-0.010031346134169505
MRP2,16,ID,0.0010313097798585586,0.02118007968705941,1,0.29592755443453417,0.27474747474747474,83.1,1397.3263165476308,0.021180079687059428
MRP2,17,IL,4.5138719891054443e-4,0.008252731535161978,1,0.33534950572871036,0.3270967741935484,111.7,1557.9237730628552,0.008252731535161983
MRP2,18,IN,3.1025802372898747e-4,-0.007797859148498576,1,0.3116826603320209,0.3194805194805195,81.6,1145.1414897821435,-0.007797859148498565
MRP2,19,IA,6.737754388528709e-4,0.022263396854514034,1,0.30760371099063966,0.28534031413612565,74.2,1126.3975111339143,0.022263396854514006
MRP2,20,KS,0.0011247197182221048,0.03119843283388371,1,0.2956771973126482,0.2644787644787645,69.8,1053.9981283539375,0.031198432833883682
MRP2,21,KY,7.098076877162555e-4,-0.022207636432630684,1,0.33192241629144664,0.3541300527240773,73.4,1085.0003483656756,-0.022207636432630684
MRP2,22,LA,0.0019911495726621002,-0.03813458851622007,0.8,0.3699578970329129,0.40809248554913297,57.3,833.4319819168686,-0.03813458851622009
MRP2,23,ME,6.714886748384738e-4,-0.0017894082793541155,1,0.2964562057557336,0.2982456140350877,66.7,1116.9365973992942,-0.0017894082793540877
MRP2,24,MD,0.001003021192238478,0.020197071161456952,0.9,0.3295893363548271,0.30939226519337015,110.7,1632.701548212221,0.02019707116145697
MRP2,25,MA,3.415598036481026e-4,-0.005833251384553933,1,0.3401763897509576,0.3460096411355115,128.6,1930.7288769322638,-0.005833251384553928
MRP2,26,MI,0.0030238030022302206,-0.04706439511460007,0.6,0.35569916680965785,0.40276356192425794,140,2037.5947068972205,-0.04706439511460009
MRP2,27,MN,4.215268555062366e-4,-0.006078541047233604,1,0.31285150010502977,0.31893004115226337,100.3,1471.713136250378,-0.006078541047233599
MRP2,28,MS,3.846464617452274e-4,0.0054491107009558394,1,0.34235387260571776,0.33690476190476193,54.4,811.5910950675451,0.005449110700955828
MRP2,29,MO,4.1972659056904775e-4,-0.00500392652911848,1,0.3057010343063907,0.31070496083550914,78.5,1112.3342121035537,-0.005003926529118463
MRP2,30,MT,6.924206132862441e-4,0.019913839276120327,0.9,0.2957759082416376,0.27586206896551724,66.9,1166.924150411213,0.019913839276120338
MRP2,31,NE,0.001626840688507456,0.03132507397131246,0.8,0.30018044220556267,0.2688553682342502,69.5,1118.2252058789481,0.031325073971312456
MRP2,32,NV,0.0031127239531393972,-0.052121009350808246,0.5,0.33581002513195035,0.3879310344827586,73.3,1146.8901445766114,-0.05212100935080827
MRP2,33,NH,4.984833996155165e-4,-1.729064524715218e-4,1,0.31131457513810284,0.3114874815905744,79.2,1368.995219537217,-1.729064524715329e-4
MRP2,34,NJ,0.0013814765343809804,-0.026489174091456836,0.8,0.34103850118529594,0.3675276752767528,98.6,1386.5628627859637,-0.026489174091456846
MRP2,35,NM,6.107402192211633e-4,0.013172602796366567,0.9,0.3298788577449018,0.3167062549485352,78.9,1305.7092571249393,0.013172602796366562
MRP2,36,NY,6.673916534937921e-4,-0.006234768781019795,0.9,0.33621469614169125,0.34244946492271106,127.7,1734.3960533520792,-0.006234768781019806
MRP2,37,NC,0.0011054131123051497,0.022373452423385214,1,0.33116544670501497,0.30879199428162973,98.4,1364.4080238607926,0.02237345242338523
MRP2,38,ND,1.6885329812821648e-4,9.267577486356704e-4,1,0.3018346695514891,0.3009079118028534,44.7,775.7517720036569,9.267577486356537e-4
MRP2,39,OH,6.696951488994612e-4,0.0032981932431931705,1,0.3218685118135118,0.3185703185703186,93.9,1281.1107425096918,0.0032981932431931926
MRP2,40,OK,0.001152367302198135,0.017648627880787256,0.8,0.304091033589248,0.28644240570846075,69.9,1009.9391530709852,0.01764862788078725
MRP2,41,OR,5.709098041848401e-4,-9.206854989503521e-4,1,0.31564373167896376,0.3165644171779141,104.9,1614.2092465817066,-9.206854989503577e-4
MRP2,42,PA,4.494910178601135e-4,-0.010755412628843336,1,0.32970511368694616,0.3404605263157895,133,1869.1177183894058,-0.01075541262884333
MRP2,44,RI,7.143501107743318e-4,-0.01652061015662169,1,0.3268461679927651,0.3433667781493868,52.7,898.9365853561067,-0.016520610156621707
MRP2,45,SC,3.589534820030829e-4,0.005743017696765357,1,0.31865151442879147,0.31290849673202614,83.2,1209.7130298847528,0.005743017696765329
MRP2,46,SD,5.1148949734283e-4,0.007443757449704091,1,0.3028283728343195,0.2953846153846154,39.6,659.3230529651082,0.007443757449704103
MRP2,47,TN,3.3480044981900193e-4,-0.0046043155093721975,1,0.3226077045240168,0.327212020033389,84.3,1189.6816692402808,-0.004604315509372181
MRP2,48,TX,1.99371855691456e-4,0.003426070033794698,1,0.33908430891784,0.33565823888404533,250.6,3538.301644130121,0.0034260700337946925
MRP2,49,UT,0.0030491304690982205,0.048069099987067876,0.6,0.27846909998706787,0.2304,117.7,1876.5179209287921,0.048069099987067876
MRP2,50,VT,0.0010081584611386575,-0.0212427152413678,0.8,0.31463514735405207,0.33587786259541985,58.6,1089.5006707756222,-0.021242715241367782
MRP2,51,VA,0.0010704359848010645,0.026148471922092426,0.8,0.2977665090573709,0.2716180371352785,123,1780.3126283971242,0.02614847192209241
MRP2,53,WA,4.993001176344076e-4,-0.013799746098819487,1,0.3145170855843488,0.32831683168316833,177,2685.6634970431396,-0.01379974609881951
MRP2,54,WV,0.0012258423828800447,0.021580963617436527,1,0.299655829927597,0.27807486631016043,60.6,959.7283107422182,0.021580963617436555
MRP2,55,WI,5.186334827320497e-4,-6.461869812417586e-4,1,0.3063496977924208,0.3069958847736626,82.3,1179.339142367912,-6.461869812417476e-4
MRP2,56,WY,7.6619230973218e-4,0.018612985696384553,1,0.2968282087934974,0.2782152230971129,43.2,768.3267736364104,0.018612985696384532
MRP2.1,01,AL,6.123340605938285e-4,0.021424865321163018,1,0.3221384229154545,0.3007135575942915,69.9,991.9660476808049,0.021424865321163
MRP2.1,04,AZ,8.520911992596196e-4,0.015893230117011114,1,0.30168242780972215,0.28578919769271105,128.7,1887.5124337136733,0.015893230117011103
MRP2.1,05,AR,7.149355362553924e-4,0.021395097696730647,1,0.30629861642544803,0.2849035187287174,57.6,859.6379765621031,0.021395097696730647
MRP2.1,06,CA,0.0011768675499602046,-0.025204187069843925,0.7,0.3514850021193453,0.3766891891891892,321.4,4600.025060001625,-0.025204187069843897
MRP2.1,08,CO,6.444775377066552e-4,0.012291292771655887,0.9,0.29881772824635744,0.2865264354747015,116.7,1738.7228851938157,0.012291292771655915
MRP2.1,09,CT,0.0013244082741252449,-0.027579216062661716,1,0.336232141011448,0.3638113570741097,64.2,962.2207666575155,-0.027579216062661727
MRP2.1,10,DE,6.810199268352163e-4,-0.006968304387748714,1,0.3152273996695305,0.3221957040572792,72.1,1308.5680570953195,-0.006968304387748703
MRP2.1,11,DC,0.003696713547921297,0.05635540746163326,0.5,0.32233122784159873,0.2659758203799655,58.7,1083.6135006417053,0.056355407461633256
MRP2.1,12,FL,5.650643930392905e-4,-0.019628682037158746,0.9,0.33532012342359213,0.35494880546075086,194.6,2734.3650992455646,-0.01962868203715873
MRP2.1,13,GA,3.1109356916030046e-4,-0.010246337621241114,1,0.3274307162031215,0.3376770538243626,122.1,1726.5711540848156,-0.010246337621241108
MRP2.1,16,ID,0.0010273771989769195,0.021188762816883016,0.9,0.2959362375643578,0.27474747474747474,83.1,1397.3263165476308,0.021188762816883033
MRP2.1,17,IL,4.54647763798852e-4,0.007660995961158962,1,0.3347577701547073,0.3270967741935484,111.7,1557.9237730628552,0.007660995961158934
MRP2.1,18,IN,2.9970722707161067e-4,-0.008037894667402313,1,0.3114426248131172,0.3194805194805195,81.6,1145.1414897821435,-0.00803789466740229
MRP2.1,19,IA,6.58832089875399e-4,0.022332982180861577,1,0.30767329631698725,0.28534031413612565,74.2,1126.3975111339143,0.022332982180861605
MRP2.1,20,KS,0.0011809682843465458,0.031528418143108444,0.9,0.296007182621873,0.2644787644787645,69.8,1053.9981283539375,0.03152841814310847
MRP2.1,21,KY,6.64044531324546e-4,-0.02106417307852308,1,0.33306587964555423,0.3541300527240773,73.4,1085.0003483656756,-0.021064173078523096
MRP2.1,22,LA,0.002124863829181616,-0.03974634411964456,0.8,0.3683461414294884,0.40809248554913297,57.3,833.4319819168686,-0.03974634411964456
MRP2.1,23,ME,6.444954342486453e-4,-0.0024493171796311163,1,0.2957962968554566,0.2982456140350877,66.7,1116.9365973992942,-0.002449317179631094
MRP2.1,24,MD,9.755962160804215e-4,0.019976560484765614,0.9,0.32936882567813575,0.30939226519337015,110.7,1632.701548212221,0.019976560484765593
MRP2.1,25,MA,3.598726643031521e-4,-0.006464222952927962,1,0.33954541818258355,0.3460096411355115,128.6,1930.7288769322638,-0.006464222952927978
MRP2.1,26,MI,0.0031230389354413575,-0.04845225757048076,0.6,0.35431130435377717,0.40276356192425794,140,2037.5947068972205,-0.04845225757048077
MRP2.1,27,MN,4.413920190853601e-4,-0.006251848000568128,1,0.31267819315169526,0.31893004115226337,100.3,1471.713136250378,-0.006251848000568105
MRP2.1,28,MS,3.859885538708139e-4,0.003971642564749666,1,0.3408764044695116,0.33690476190476193,54.4,811.5910950675451,0.003971642564749689
MRP2.1,29,MO,4.1926501367989103e-4,-0.003315537179100897,1,0.30738942365640826,0.31070496083550914,78.5,1112.3342121035537,-0.0033155371791008803
MRP2.1,30,MT,6.540162815931185e-4,0.01932205819803281,0.9,0.29518412716355,0.27586206896551724,66.9,1166.924150411213,0.019322058198032788
MRP2.1,31,NE,0.00153342031893059,0.03081427267687222,0.9,0.2996696409111224,0.2688553682342502,69.5,1118.2252058789481,0.0308142726768722
MRP2.1,32,NV,0.0031054571041969348,-0.05215329413875398,0.5,0.33577774034400465,0.3879310344827586,73.3,1146.8901445766114,-0.05215329413875397
MRP2.1,33,NH,4.461272602292766e-4,-1.4250004126818981e-4,1,0.3113449815493062,0.3114874815905744,79.2,1368.995219537217,-1.4250004126820093e-4
MRP2.1,34,NJ,0.001362812699179135,-0.02686334157053271,0.8,0.34066433370622007,0.3675276752767528,98.6,1386.5628627859637,-0.026863341570532717
MRP2.1,35,NM,6.274978328269724e-4,0.01328054985846322,0.9,0.32998680480699843,0.3167062549485352,78.9,1305.7092571249393,0.01328054985846322
MRP2.1,36,NY,6.847119390654266e-4,-0.0060572146579785935,1,0.33639225026473246,0.34244946492271106,127.7,1734.3960533520792,-0.0060572146579785935
MRP2.1,37,NC,0.0010518605660172376,0.022079904707525307,1,0.33087189898915503,0.30879199428162973,98.4,1364.4080238607926,0.0220799047075253
MRP2.1,38,ND,1.6642792233830222e-4,0.0013681249563628096,1,0.3022760367592162,0.3009079118028534,44.7,775.7517720036569,0.0013681249563627929
MRP2.1,39,OH,6.821451622378002e-4,0.0025256364569308633,1,0.32109595502724947,0.3185703185703186,93.9,1281.1107425096918,0.00252563645693088
MRP2.1,40,OK,0.001199808446396028,0.018602062471946575,0.8,0.3050444681804073,0.28644240570846075,69.9,1009.9391530709852,0.018602062471946568
MRP2.1,41,OR,5.356605576866718e-4,-0.0015806921997377876,1,0.31498372497817634,0.3165644171779141,104.9,1614.2092465817066,-0.0015806921997377765
MRP2.1,42,PA,4.310061704702245e-4,-0.011124356406833213,1,0.32933616990895626,0.3404605263157895,133,1869.1177183894058,-0.011124356406833236
MRP2.1,44,RI,6.978715369161432e-4,-0.01605390367990634,1,0.3273128744694805,0.3433667781493868,52.7,898.9365853561067,-0.016053903679906334
MRP2.1,45,SC,3.6509811206799736e-4,0.005962502622879595,1,0.31887099935490576,0.31290849673202614,83.2,1209.7130298847528,0.005962502622879617
MRP2.1,46,SD,5.612888426340336e-4,0.008006636300403441,1,0.30339125168501885,0.2953846153846154,39.6,659.3230529651082,0.008006636300403436
MRP2.1,47,TN,3.4458962749392777e-4,-0.004887502078444234,1,0.32232451795494477,0.327212020033389,84.3,1189.6816692402808,-0.004887502078444239
MRP2.1,48,TX,1.7603408339449366e-4,0.003819171157440271,1,0.33947741004148563,0.33565823888404533,250.6,3538.301644130121,0.003819171157440293
MRP2.1,49,UT,0.003042177615061205,0.0477532244708485,0.6,0.2781532244708485,0.2304,117.7,1876.5179209287921,0.04775322447084851
MRP2.1,50,VT,9.702449382815089e-4,-0.021053996065948526,0.9,0.3148238665294713,0.33587786259541985,58.6,1089.5006707756222,-0.021053996065948544
MRP2.1,51,VA,0.0010927011683775935,0.026450852129453084,0.7,0.2980688892647316,0.2716180371352785,123,1780.3126283971242,0.026450852129453084
MRP2.1,53,WA,4.7723537599569997e-4,-0.013521502241994022,1,0.31479532944117433,0.32831683168316833,177,2685.6634970431396,-0.013521502241993999
MRP2.1,54,WV,0.001249999988217346,0.02186469655847717,0.9,0.2999395628686376,0.27807486631016043,60.6,959.7283107422182,0.02186469655847717
MRP2.1,55,WI,5.197360860398332e-4,-8.951697137035752e-4,1,0.306100715059959,0.3069958847736626,82.3,1179.339142367912,-8.951697137035697e-4
MRP2.1,56,WY,7.563116638952297e-4,0.019270146336883554,1,0.29748536943399645,0.2782152230971129,43.2,768.3267736364104,0.019270146336883565
MRP3,01,AL,6.967513491816439e-4,0.022761054509622215,1,0.32347461210391376,0.3007135575942915,69.9,991.9660476808049,0.022761054509622236
MRP3,04,AZ,9.236814605331738e-4,0.015627011977488302,1,0.30141620967019933,0.28578919769271105,128.7,1887.5124337136733,0.01562701197748828
MRP3,05,AR,9.304730401782105e-4,0.02605327062151095,0.9,0.31095678935022836,0.2849035187287174,57.6,859.6379765621031,0.02605327062151097
MRP3,06,CA,0.0012110083317515706,-0.025905141902934564,0.7,0.3507840472862546,0.3766891891891892,321.4,4600.025060001625,-0.02590514190293458
MRP3,08,CO,6.221449512786527e-4,0.012089710000431797,0.9,0.2986161454751333,0.2865264354747015,116.7,1738.7228851938157,0.012089710000431797
MRP3,09,CT,0.0014444478001881575,-0.029652025181341718,0.7,0.33415933189276803,0.3638113570741097,64.2,962.2207666575155,-0.02965202518134169
MRP3,10,DE,6.001051344270945e-4,-0.0065215185435715025,1,0.3156741855137077,0.3221957040572792,72.1,1308.5680570953195,-0.006521518543571525
MRP3,11,DC,0.003678159248043497,0.05599496619390189,0.5,0.32197078657386735,0.2659758203799655,58.7,1083.6135006417053,0.055994966193901874
MRP3,12,FL,5.305836766949632e-4,-0.018030057909078627,0.9,0.3369187475516722,0.35494880546075086,194.6,2734.3650992455646,-0.018030057909078634
MRP3,13,GA,3.9604694094183936e-4,-0.010717680348510405,1,0.3269593734758522,0.3376770538243626,122.1,1726.5711540848156,-0.010717680348510394
MRP3,16,ID,9.616236935484134e-4,0.022035201951538984,0.8,0.2967826766990137,0.27474747474747474,83.1,1397.3263165476308,0.022035201951538963
MRP3,17,IL,4.213896721532435e-4,0.00690866726642837,1,0.33400544145997674,0.3270967741935484,111.7,1557.9237730628552,0.006908667266428359
MRP3,18,IN,2.675379368147364e-4,-0.008449983092118706,1,0.3110305363884008,0.3194805194805195,81.6,1145.1414897821435,-0.008449983092118696
MRP3,19,IA,7.220055016417552e-4,0.02439321471444657,1,0.3097335288505722,0.28534031413612565,74.2,1126.3975111339143,0.024393214714446554
MRP3,20,KS,0.0012981331001444935,0.03278304293605615,0.8,0.29726180741482067,0.2644787644787645,69.8,1053.9981283539375,0.03278304293605616
MRP3,21,KY,6.966297454246448e-4,-0.022206918714075846,1,0.3319231340100015,0.3541300527240773,73.4,1085.0003483656756,-0.02220691871407582
MRP3,22,LA,0.0022108982956540817,-0.040667108500158936,0.7,0.36742537704897404,0.40809248554913297,57.3,833.4319819168686,-0.04066710850015892
MRP3,23,ME,5.481657437263057e-4,-0.0016103341951980376,1,0.2966352798398897,0.2982456140350877,66.7,1116.9365973992942,-0.0016103341951980155
MRP3,24,MD,9.80438158151126e-4,0.018128452656330656,0.9,0.3275207178497008,0.30939226519337015,110.7,1632.701548212221,0.018128452656330674
MRP3,25,MA,4.4140959646295615e-4,-0.010186615843196817,0.9,0.3358230252923147,0.3460096411355115,128.6,1930.7288769322638,-0.0101866158431968
MRP3,26,MI,0.003212913410689714,-0.049103985994401675,0.6,0.35365957592985625,0.40276356192425794,140,2037.5947068972205,-0.04910398599440169
MRP3,27,MN,3.2272104857294004e-4,-0.004704252194946074,1,0.3142257889573173,0.31893004115226337,100.3,1471.713136250378,-0.004704252194946079
MRP3,28,MS,3.8338550147145917e-4,0.004328719070593662,1,0.3412334809753556,0.33690476190476193,54.4,811.5910950675451,0.0043287190705936784
MRP3,29,MO,3.897225065813571e-4,-0.0038344874306390888,1,0.30687047340487006,0.31070496083550914,78.5,1112.3342121035537,-0.0038344874306390775
MRP3,30,MT,7.042273528689252e-4,0.022125855715693428,0.9,0.29798792468121066,0.27586206896551724,66.9,1166.924150411213,0.02212585571569342
MRP3,31,NE,0.0015552175943464995,0.03212682372855014,0.6,0.30098219196280035,0.2688553682342502,69.5,1118.2252058789481,0.032126823728550136
MRP3,32,NV,0.0026598739870571713,-0.047959379035882495,0.7,0.33997165544687613,0.3879310344827586,73.3,1146.8901445766114,-0.04795937903588249
MRP3,33,NH,3.601856899796174e-4,-0.005385372205172867,1,0.3061021093854015,0.3114874815905744,79.2,1368.995219537217,-0.005385372205172878
MRP3,34,NJ,0.001444827833696578,-0.02813059690948219,0.8,0.3393970783672706,0.3675276752767528,98.6,1386.5628627859637,-0.028130596909482164
MRP3,35,NM,6.333932675992737e-4,0.01329954302578098,1,0.3300057979743162,0.3167062549485352,78.9,1305.7092571249393,0.013299543025780958
MRP3,36,NY,6.779774337800199e-4,-0.007181361310987161,1,0.3352681036117239,0.34244946492271106,127.7,1734.3960533520792,-0.007181361310987178
MRP3,37,NC,9.279618032696871e-4,0.018268307088044677,1,0.3270603013696744,0.30879199428162973,98.4,1364.4080238607926,0.018268307088044666
MRP3,38,ND,1.4243754193145824e-4,0.002975840696052623,1,0.30388375249890603,0.3009079118028534,44.7,775.7517720036569,0.002975840696052612
MRP3,39,OH,5.064421632344279e-4,0.005541804828213421,1,0.324112123398532,0.3185703185703186,93.9,1281.1107425096918,0.005541804828213426
MRP3,40,OK,0.001221026920428123,0.021797201308119362,0.7,0.3082396070165801,0.28644240570846075,69.9,1009.9391530709852,0.02179720130811935
MRP3,41,OR,5.350405554855929e-4,-0.0015470205048098596,1,0.31501739667310424,0.3165644171779141,104.9,1614.2092465817066,-0.0015470205048098706
MRP3,42,PA,4.5373762027809024e-4,-0.012033737642179843,1,0.32842678867360964,0.3404605263157895,133,1869.1177183894058,-0.012033737642179854
MRP3,44,RI,5.460370042752666e-4,-0.018531614509590455,0.9,0.32483516363979636,0.3433667781493868,52.7,898.9365853561067,-0.018531614509590455
MRP3,45,SC,2.672062081945115e-4,0.006964686042445439,1,0.3198731827744716,0.31290849673202614,83.2,1209.7130298847528,0.006964686042445434
MRP3,46,SD,4.6587689547282116e-4,0.008211407858581654,1,0.30359602324319707,0.2953846153846154,39.6,659.3230529651082,0.008211407858581654
MRP3,47,TN,2.906565248217916e-4,-0.005438686526862335,1,0.32177333350652665,0.327212020033389,84.3,1189.6816692402808,-0.005438686526862357
MRP3,48,TX,1.7012499460548138e-4,0.00463131881523513,1,0.3402895576992805,0.33565823888404533,250.6,3538.301644130121,0.0046313188152351525
MRP3,49,UT,0.003432352621811035,0.05264311678093326,0.4,0.28304311678093325,0.2304,117.7,1876.5179209287921,0.05264311678093325
MRP3,50,VT,9.563557725216665e-4,-0.024424061181890833,0.8,0.311453801413529,0.33587786259541985,58.6,1089.5006707756222,-0.024424061181890833
MRP3,51,VA,0.0011716618471730516,0.027619578104901055,0.7,0.29923761524017956,0.2716180371352785,123,1780.3126283971242,0.027619578104901066
MRP3,53,WA,5.418073401008292e-4,-0.015000298419722257,1,0.31331653326344605,0.32831683168316833,177,2685.6634970431396,-0.01500029841972228
MRP3,54,WV,8.626127935513745e-4,0.022555972899980282,0.9,0.3006308392101407,0.27807486631016043,60.6,959.7283107422182,0.022555972899980292
MRP3,55,WI,3.395548159271391e-4,0.0012666195065368202,1,0.3082625042801994,0.3069958847736626,82.3,1179.339142367912,0.0012666195065368369
MRP3,56,WY,6.098371520537755e-4,0.018348674063524743,1,0.29656389716063764,0.2782152230971129,43.2,768.3267736364104,0.01834867406352475
MRP4,01,AL,6.716156488205236e-4,0.022374702110372374,1,0.3230882597046639,0.3007135575942915,69.9,991.9660476808049,0.022374702110372402
MRP4,04,AZ,8.971995882618408e-4,0.01589417049727703,1,0.3016833681899881,0.28578919769271105,128.7,1887.5124337136733,0.015894170497277038
MRP4,05,AR,8.978354249894883e-4,0.025978947154533593,1,0.31088246588325097,0.2849035187287174,57.6,859.6379765621031,0.025978947154533583
MRP4,06,CA,0.0012141553495935258,-0.026301469707985397,0.7,0.3503877194812038,0.3766891891891892,321.4,4600.025060001625,-0.026301469707985414
MRP4,08,CO,6.55245087272138e-4,0.013189628707754947,0.9,0.29971606418245644,0.2865264354747015,116.7,1738.7228851938157,0.013189628707754919
MRP4,09,CT,0.001460655439332133,-0.030343079139746404,0.8,0.3334682779343633,0.3638113570741097,64.2,962.2207666575155,-0.03034307913974643
MRP4,10,DE,5.867515420335907e-4,-0.007043987732043994,1,0.3151517163252352,0.3221957040572792,72.1,1308.5680570953195,-0.00704398773204401
MRP4,11,DC,0.0037119598212833112,0.056659120364476595,0.6,0.3226349407444421,0.2659758203799655,58.7,1083.6135006417053,0.05665912036447662
MRP4,12,FL,5.216137338387279e-4,-0.018085583233932924,1,0.3368632222268179,0.35494880546075086,194.6,2734.3650992455646,-0.018085583233932945
MRP4,13,GA,3.5732767147340596e-4,-0.01062744172974609,1,0.32704961209461647,0.3376770538243626,122.1,1726.5711540848156,-0.010627441729746112
MRP4,16,ID,9.464920632832157e-4,0.021863400948470002,0.9,0.29661087569594474,0.27474747474747474,83.1,1397.3263165476308,0.021863400948470002
MRP4,17,IL,4.335877158130087e-4,0.007469695912837265,1,0.3345664701063856,0.3270967741935484,111.7,1557.9237730628552,0.007469695912837249
MRP4,18,IN,2.835228734163732e-4,-0.008067608196977966,1,0.31141291128354154,0.3194805194805195,81.6,1145.1414897821435,-0.008067608196977938
MRP4,19,IA,0.00073652555574991725,0.02434069709530289,1,0.30968101123142855,0.28534031413612565,74.2,1126.3975111339143,0.0243406970953029
MRP4,20,KS,0.0013106923518197142,0.033118774553808544,0.8,0.297597539032573,0.2644787644787645,69.8,1053.9981283539375,0.03311877455380852
MRP4,21,KY,6.967779454796353e-4,-0.02276087396143684,1,0.3313691787626405,0.3541300527240773,73.4,1085.0003483656756,-0.022760873961436834
MRP4,22,LA,0.0021188085962400524,-0.03971582928998858,0.7,0.3683766562591444,0.40809248554913297,57.3,833.4319819168686,-0.03971582928998857
MRP4,23,ME,4.895385442504695e-4,-0.0012297914167198388,1,0.29701582261836784,0.2982456140350877,66.7,1116.9365973992942,-0.001229791416719861
MRP4,24,MD,9.692881998587141e-4,0.019210179073365346,0.8,0.3286024442667355,0.30939226519337015,110.7,1632.701548212221,0.019210179073365363
MRP4,25,MA,4.3120987516344486e-4,-0.009887249589765756,0.9,0.33612239154574575,0.3460096411355115,128.6,1930.7288769322638,-0.009887249589765779
MRP4,26,MI,0.0032747025035014493,-0.049994415812162116,0.7,0.3527691461120958,0.40276356192425794,140,2037.5947068972205,-0.04999441581216213
MRP4,27,MN,3.23497919430064e-4,-0.0044030508909392975,1,0.3145269902613241,0.31893004115226337,100.3,1471.713136250378,-0.004403050890939286
MRP4,28,MS,3.562895893049698e-4,0.004748378417129789,1,0.3416531403218917,0.33690476190476193,54.4,811.5910950675451,0.004748378417129773
MRP4,29,MO,3.58747061604548e-4,-0.0037031181701634606,1,0.3070018426653457,0.31070496083550914,78.5,1112.3342121035537,-0.003703118170163444
MRP4,30,MT,6.284040528756618e-4,0.020606795189866512,0.9,0.29646886415538376,0.27586206896551724,66.9,1166.924150411213,0.020606795189866522
MRP4,31,NE,0.0015584821194008862,0.03259169873482904,0.8,0.30144706696907925,0.2688553682342502,69.5,1118.2252058789481,0.03259169873482903
MRP4,32,NV,0.002700326235383747,-0.04852790773665425,0.7,0.3394031267461044,0.3879310344827586,73.3,1146.8901445766114,-0.04852790773665422
MRP4,33,NH,3.9067059355212555e-4,-0.006252425925844074,1,0.3052350556647303,0.3114874815905744,79.2,1368.995219537217,-0.006252425925844074
MRP4,34,NJ,0.001473787288414631,-0.028251407427242893,0.8,0.33927626784950987,0.3675276752767528,98.6,1386.5628627859637,-0.028251407427242914
MRP4,35,NM,5.602370404442935e-4,0.012712459518338715,1,0.32941871446687393,0.3167062549485352,78.9,1305.7092571249393,0.012712459518338715
MRP4,36,NY,6.914897182549997e-4,-0.007446578163851697,1,0.33500288675885936,0.34244946492271106,127.7,1734.3960533520792,-0.0074465781638516915
MRP4,37,NC,9.438782825785252e-4,0.01859038389757741,1,0.3273823781792071,0.30879199428162973,98.4,1364.4080238607926,0.01859038389757739
MRP4,38,ND,1.4453702152472485e-4,0.0022294584330368517,1,0.30313737023589027,0.3009079118028534,44.7,775.7517720036569,0.002229458433036846
MRP4,39,OH,5.393014103959742e-4,0.005555660827059022,1,0.32412597939737764,0.3185703185703186,93.9,1281.1107425096918,0.00555566082705905
MRP4,40,OK,0.00120031258179254,0.022172179433601807,0.7,0.3086145851420625,0.28644240570846075,69.9,1009.9391530709852,0.02217217943360178
MRP4,41,OR,5.242880799799256e-4,-0.0014107462748003507,1,0.31515367090311375,0.3165644171779141,104.9,1614.2092465817066,-0.0014107462748003674
MRP4,42,PA,4.314443166424589e-4,-0.012022465791001153,1,0.32843806052478836,0.3404605263157895,133,1869.1177183894058,-0.012022465791001136
MRP4,44,RI,5.466644688114664e-4,-0.01831376006053807,0.9,0.32505301808884873,0.3433667781493868,52.7,898.9365853561067,-0.018313760060538087
MRP4,45,SC,2.519483532761254e-4,0.006925923163953957,1,0.3198344198959801,0.31290849673202614,83.2,1209.7130298847528,0.006925923163953962
MRP4,46,SD,4.1781192052690045e-4,0.007634368529535968,1,0.3030189839141514,0.2953846153846154,39.6,659.3230529651082,0.007634368529535973
MRP4,47,TN,3.3138027041141525e-4,-0.005715485116218661,1,0.32149653491717034,0.327212020033389,84.3,1189.6816692402808,-0.005715485116218666
MRP4,48,TX,1.8110680095994198e-4,0.004435018759751996,1,0.34009325764379733,0.33565823888404533,250.6,3538.301644130121,0.004435018759751996
MRP4,49,UT,0.0034324162473093446,0.052863997839747386,0.5,0.2832639978397474,0.2304,117.7,1876.5179209287921,0.05286399783974738
MRP4,50,VT,0.0010147257511971504,-0.025173595445251874,0.8,0.31070426715016797,0.33587786259541985,58.6,1089.5006707756222,-0.025173595445251884
MRP4,51,VA,0.0012123673258516822,0.02833557440857275,0.7,0.29995361154385125,0.2716180371352785,123,1780.3126283971242,0.02833557440857276
MRP4,53,WA,5.248972612190841e-4,-0.01446851239434635,1,0.31384831928882195,0.32831683168316833,177,2685.6634970431396,-0.014468512394346378
MRP4,54,WV,8.690595489123171e-4,0.022988242741658654,0.9,0.3010631090518191,0.27807486631016043,60.6,959.7283107422182,0.02298824274165867
MRP4,55,WI,3.4050144033000347e-4,8.44335560455689e-4,1,0.3078402203341183,0.3069958847736626,82.3,1179.339142367912,8.443355604557112e-4
MRP4,56,WY,6.066978179333659e-4,0.018850745384984057,1,0.29706596848209693,0.2782152230971129,43.2,768.3267736364104,0.018850745384984047
MRP5,01,AL,6.268767306398863e-4,0.021386778181167392,1,0.32210033577545893,0.3007135575942915,69.9,991.9660476808049,0.02138677818116741
MRP5,04,AZ,9.027287924229838e-4,0.01624810023139827,1,0.3020372979241093,0.28578919769271105,128.7,1887.5124337136733,0.016248100231398277
MRP5,05,AR,7.372809225755833e-4,0.021692261581150295,1,0.30659578030986767,0.2849035187287174,57.6,859.6379765621031,0.021692261581150285
MRP5,06,CA,0.0012380421229510415,-0.02526702679377027,0.7,0.3514221623954189,0.3766891891891892,321.4,4600.025060001625,-0.025267026793770297
MRP5,08,CO,6.75082125199764e-4,0.011625425507056763,0.9,0.2981518609817583,0.2865264354747015,116.7,1738.7228851938157,0.011625425507056752
MRP5,09,CT,0.0014471196009517634,-0.02861417623852356,1,0.33519718083558614,0.3638113570741097,64.2,962.2207666575155,-0.02861417623852358
MRP5,10,DE,6.763494439625075e-4,-0.007124861187393844,1,0.31507084286988535,0.3221957040572792,72.1,1308.5680570953195,-0.0071248611873938605
MRP5,11,DC,0.0037151618470235123,0.05664120506272052,0.6,0.322617025442686,0.2659758203799655,58.7,1083.6135006417053,0.05664120506272052
MRP5,12,FL,5.582569712588598e-4,-0.019958502578183206,1,0.33499030288256765,0.35494880546075086,194.6,2734.3650992455646,-0.019958502578183213
MRP5,13,GA,3.1829184595078e-4,-0.01060035903705368,1,0.3270766947873089,0.3376770538243626,122.1,1726.5711540848156,-0.010600359037053697
MRP5,16,ID,0.0010357236856175797,0.021192727882053935,0.9,0.2959402026295287,0.27474747474747474,83.1,1397.3263165476308,0.021192727882053952
MRP5,17,IL,4.8548460832222555e-4,0.007980354571653237,1,0.3350771287652016,0.3270967741935484,111.7,1557.9237730628552,0.007980354571653248
MRP5,18,IN,2.972506538181413e-4,-0.007870499763673277,1,0.3116100197168462,0.3194805194805195,81.6,1145.1414897821435,-0.007870499763673267
MRP5,19,IA,6.788607702890832e-4,0.022516655410173825,1,0.3078569695462995,0.28534031413612565,74.2,1126.3975111339143,0.022516655410173836
MRP5,20,KS,0.001183503316125915,0.03198427113910082,0.9,0.29646303561786536,0.2644787644787645,69.8,1053.9981283539375,0.03198427113910085
MRP5,21,KY,6.48127076221663e-4,-0.02043055120531966,1,0.33369950151875766,0.3541300527240773,73.4,1085.0003483656756,-0.02043055120531967
MRP5,22,LA,0.0020776197854304535,-0.039089719751178816,0.8,0.36900276579795416,0.40809248554913297,57.3,833.4319819168686,-0.03908971975117881
MRP5,23,ME,6.494921157630246e-4,-0.0017026076222757258,1,0.29654300641281195,0.2982456140350877,66.7,1116.9365973992942,-0.0017026076222757536
MRP5,24,MD,0.0010025419983517967,0.020627926484680092,0.9,0.33002019167805025,0.30939226519337015,110.7,1632.701548212221,0.020627926484680092
MRP5,25,MA,3.571654892333714e-4,-0.006045959972000287,1,0.3399636811635112,0.3460096411355115,128.6,1930.7288769322638,-0.006045959972000303
MRP5,26,MI,0.0031108641891346178,-0.04810936383239616,0.6,0.35465419809186177,0.40276356192425794,140,2037.5947068972205,-0.04810936383239617
MRP5,27,MN,4.2930423149705653e-4,-0.006163816537819023,1,0.31276622461444437,0.31893004115226337,100.3,1471.713136250378,-0.006163816537819
MRP5,28,MS,4.015068368858504e-4,0.00399080878552287,1,0.3408955706902848,0.33690476190476193,54.4,811.5910950675451,0.003990808785522881
MRP5,29,MO,4.5160240908699535e-4,-0.0039022489005215155,1,0.30680271193498765,0.31070496083550914,78.5,1112.3342121035537,-0.0039022489005214878
MRP5,30,MT,7.071699848652278e-4,0.02017002262883571,0.9,0.29603209159435295,0.27586206896551724,66.9,1166.924150411213,0.020170022628835715
MRP5,31,NE,0.0015092630956468401,0.030755821584114572,0.8,0.29961118981836476,0.2688553682342502,69.5,1118.2252058789481,0.03075582158411455
MRP5,32,NV,0.003049279549644832,-0.05137389951079768,0.6,0.33655713497196094,0.3879310344827586,73.3,1146.8901445766114,-0.05137389951079768
MRP5,33,NH,4.419380583602089e-4,3.646264581391834e-4,1,0.31185210804871355,0.3114874815905744,79.2,1368.995219537217,3.6462645813917227e-4
MRP5,34,NJ,0.0014271543462709847,-0.026741719861677744,0.8,0.34078595541507506,0.3675276752767528,98.6,1386.5628627859637,-0.026741719861677726
MRP5,35,NM,6.50074610037279e-4,0.013091761292172715,0.9,0.3297980162407079,0.3167062549485352,78.9,1305.7092571249393,0.01309176129217271
MRP5,36,NY,7.074404821617024e-4,-0.007483186177574713,0.9,0.33496627874513635,0.34244946492271106,127.7,1734.3960533520792,-0.007483186177574708
MRP5,37,NC,0.0011067803283398674,0.022460571730937896,1,0.33125256601256764,0.30879199428162973,98.4,1364.4080238607926,0.022460571730937906
MRP5,38,ND,1.820604489767807e-4,0.0010697664362051996,1,0.30197767823905863,0.3009079118028534,44.7,775.7517720036569,0.0010697664362052106
MRP5,39,OH,7.095033050782089e-4,0.0033617528430992362,1,0.32193207141341784,0.3185703185703186,93.9,1281.1107425096918,0.0033617528430992527
MRP5,40,OK,0.0012311584087154783,0.018248884012454107,0.8,0.30469128972091486,0.28644240570846075,69.9,1009.9391530709852,0.018248884012454114
MRP5,41,OR,5.351499351722333e-4,-0.0010126496342516,1,0.31555176754366254,0.3165644171779141,104.9,1614.2092465817066,-0.0010126496342515723
MRP5,42,PA,4.4340321721935924e-4,-0.010979153742015713,1,0.3294813725737738,0.3404605263157895,133,1869.1177183894058,-0.01097915374201569
MRP5,44,RI,6.257119797052888e-4,-0.015001761468683029,1,0.3283650166807038,0.3433667781493868,52.7,898.9365853561067,-0.01500176146868304
MRP5,45,SC,3.3989954466831073e-4,0.00561357032117647,1,0.31852206705320263,0.31290849673202614,83.2,1209.7130298847528,0.0056135703211764865
MRP5,46,SD,5.550931929570174e-4,0.007894213705746495,1,0.3032788290903619,0.2953846153846154,39.6,659.3230529651082,0.0078942137057465
MRP5,47,TN,3.49722746366289e-4,-0.0049291079443610445,1,0.322282912089028,0.327212020033389,84.3,1189.6816692402808,-0.004929107944361022
MRP5,48,TX,1.8273369248984888e-4,0.00319917682672089,1,0.3388574157107662,0.33565823888404533,250.6,3538.301644130121,0.003199176826720884
MRP5,49,UT,0.0030068199805801713,0.047146968917758506,0.6,0.2775469689177585,0.2304,117.7,1876.5179209287921,0.04714696891775849
MRP5,50,VT,9.88714998374808e-4,-0.021044139522679417,0.9,0.31483372307274043,0.33587786259541985,58.6,1089.5006707756222,-0.021044139522679417
MRP5,51,VA,0.0010765311357254284,0.026142464746014293,0.8,0.29776050188129277,0.2716180371352785,123,1780.3126283971242,0.026142464746014282
MRP5,53,WA,4.7588958697667355e-4,-0.01406926191649287,1,0.31424756976667545,0.32831683168316833,177,2685.6634970431396,-0.014069261916492881
MRP5,54,WV,0.0012838852526412075,0.022265269812597167,1,0.3003401361227576,0.27807486631016043,60.6,959.7283107422182,0.022265269812597188
MRP5,55,WI,5.383450634272046e-4,-6.182385233805931e-4,1,0.30637764625028197,0.3069958847736626,82.3,1179.339142367912,-6.182385233806098e-4
MRP5,56,WY,7.769962832999662e-4,0.01987433726870419,1,0.2980895603658171,0.2782152230971129,43.2,768.3267736364104,0.01987433726870419
