log_file,method,replication,chain,warmup_seconds,sampling_seconds,total_seconds,declared_total_replications,elapsed_line,status
sun_log(3).txt,NSB,1,1,4.943,37.954,42.897,10,148,ok
sun_log(3).txt,NSB,1,2,5.012,33.33,38.342,10,138,ok
sun_log(3).txt,NSB,2,1,10.364,42.745,53.109,10,259,ok
sun_log(3).txt,NSB,2,2,7.059,40.108,47.167,10,249,ok
sun_log(3).txt,NSB,3,1,7.68,54.478,62.158,10,370,ok
sun_log(3).txt,NSB,3,2,7.208,43.852,51.06,10,357,ok
sun_log(3).txt,NSB,4,1,4.804,32.537,37.341,10,458,ok
sun_log(3).txt,NSB,4,2,5.203,63.055,68.258,10,481,ok
sun_log(3).txt,NSB,5,1,8.827,37.892,46.719,10,592,ok
sun_log(3).txt,NSB,5,2,6.309,39.1,45.409,10,585,ok
sun_log(3).txt,NSB,6,1,6.299,38.398,44.697,10,696,ok
sun_log(3).txt,NSB,6,2,6.899,39.592,46.491,10,703,ok
sun_log(3).txt,NSB,7,1,7.35,39.606,46.956,10,814,ok
sun_log(3).txt,NSB,7,2,6.059,39.84,45.899,10,808,ok
sun_log(3).txt,NSB,8,1,6.511,40.373,46.884,10,919,ok
sun_log(3).txt,NSB,8,2,6.482,41.416,47.898,10,925,ok
sun_log(3).txt,NSB,9,1,6.721,59.308,66.029,10,1036,ok
sun_log(3).txt,NSB,9,2,5.803,38.39,44.193,10,1018,ok
sun_log(3).txt,NSB,10,1,7.148,40.411,47.559,10,1147,ok
sun_log(3).txt,NSB,10,2,6.98,39.853,46.833,10,1141,ok
sun_log(3).txt,SB,1,1,75.211,688.689,763.9,10,1259,ok
sun_log(3).txt,SB,1,2,88.55,667.281,755.831,10,1253,ok
sun_log(3).txt,SB,2,1,73.296,624.589,697.885,10,1370,ok
sun_log(3).txt,SB,2,2,62.477,623.23,685.707,10,1364,ok
sun_log(3).txt,SB,3,1,80.494,475.617,556.111,10,1467,ok
sun_log(3).txt,SB,3,2,80.495,607.468,687.963,10,1481,ok
sun_log(3).txt,SB,4,1,87.184,765.169,852.353,10,1592,ok
sun_log(3).txt,SB,4,2,85.061,582.132,667.193,10,1579,ok
sun_log(3).txt,SB,5,1,88.89,682.917,771.807,10,1697,ok
sun_log(3).txt,SB,5,2,88.774,688.139,776.913,10,1703,ok
sun_log(3).txt,SB,6,1,76.212,590.503,666.715,10,1814,ok
sun_log(3).txt,SB,6,2,85.431,577.61,663.041,10,1808,ok
sun_log(3).txt,SB,7,1,73.812,523.585,597.397,10,1925,ok
sun_log(3).txt,SB,7,2,74.66,506.788,581.448,10,1918,ok
sun_log(3).txt,SB,8,1,77.448,442.913,520.361,10,2020,ok
sun_log(3).txt,SB,8,2,71.729,620.232,691.961,10,2036,ok
sun_log(3).txt,SB,9,1,79.149,444.162,523.311,10,2134,ok
sun_log(3).txt,SB,9,2,74.465,554.62,629.085,10,2147,ok
sun_log(3).txt,SB,10,1,81.141,472.43,553.571,10,2258,ok
sun_log(3).txt,SB,10,2,82.492,415.288,497.78,10,2249,ok
mrp_log(2).txt,MRP,1,1,58.148,353.998,412.146,,151,ok
mrp_log(2).txt,MRP,1,2,42.305,180.89,223.195,,126,ok
mrp_log(2).txt,MRP,2,1,44.176,306.187,350.363,,262,ok
mrp_log(2).txt,MRP,2,2,42.347,179.075,221.422,,242,ok
mrp_log(2).txt,MRP,3,1,61.352,338.923,400.275,,366,ok
mrp_log(2).txt,MRP,3,2,51.746,359.766,411.512,,373,ok
mrp_log(2).txt,MRP,4,1,50.192,177.805,227.997,,484,ok
mrp_log(2).txt,MRP,4,2,45.368,174.513,219.881,,477,ok
mrp_log(2).txt,MRP,5,1,32.725,179.064,211.789,,571,ok
mrp_log(2).txt,MRP,5,2,48.559,343.525,392.084,,595,ok
mrp_log(2).txt,MRP,6,1,36.589,179.544,216.133,,695,ok
mrp_log(2).txt,MRP,6,2,44.219,203.467,247.686,,706,ok
mrp_log(2).txt,MRP,7,1,49.319,160.219,209.538,,817,ok
mrp_log(2).txt,MRP,7,2,31.089,177.817,208.906,,811,ok
mrp_log(2).txt,MRP,8,1,45.071,260.277,305.348,,921,ok
mrp_log(2).txt,MRP,8,2,36.884,279.264,316.148,,928,ok
mrp_log(2).txt,MRP,9,1,39.492,177.394,216.886,,1039,ok
mrp_log(2).txt,MRP,9,2,40.989,163.484,204.473,,1031,ok
mrp_log(2).txt,MRP,10,1,43.592,187.231,230.823,,1129,ok
mrp_log(2).txt,MRP,10,2,49.777,321.653,371.43,,1150,ok
mrp_log(2).txt,MRP,11,1,36.39,175.077,211.467,,5758,ok
mrp_log(2).txt,MRP,11,2,35.47,175.623,211.093,,5752,ok
mrp_log(2).txt,MRP,12,1,35.307,180.051,215.358,,5863,ok
mrp_log(2).txt,MRP,12,2,35.285,182.181,217.466,,5869,ok
mrp_log(2).txt,MRP,13,1,35.237,171.522,206.759,,5980,ok
mrp_log(2).txt,MRP,13,2,33.709,87.718,121.427,,5957,ok
mrp_log(2).txt,MRP,14,1,45.895,181.372,227.267,,6091,ok
mrp_log(2).txt,MRP,14,2,36.254,165.663,201.917,,6081,ok
mrp_log(2).txt,MRP,15,1,34.014,84.355,118.369,,6169,ok
mrp_log(2).txt,MRP,15,2,46.577,320.38,366.957,,6202,ok
mrp_log(2).txt,MRP,16,1,40.613,335.016,375.629,,6313,ok
mrp_log(2).txt,MRP,16,2,54.333,175.361,229.694,,6292,ok
mrp_log(2).txt,MRP,17,1,48.1,294.06,342.16,,6424,ok
mrp_log(2).txt,MRP,17,2,47.459,180.868,228.327,,6405,ok
mrp_log(2).txt,MRP,18,1,46.405,360.337,406.742,,6535,ok
mrp_log(2).txt,MRP,18,2,29.228,169.621,198.849,,6509,ok
mrp_log(2).txt,MRP,19,1,43.297,341.825,385.122,,6646,ok
mrp_log(2).txt,MRP,19,2,40.166,177.914,218.08,,6623,ok
mrp_log(2).txt,MRP,20,1,34.613,171.088,205.701,,6736,ok
mrp_log(2).txt,MRP,20,2,42.305,289.28,331.585,,6757,ok
mrp_log(2).txt,MRP,21,1,48.98,173.391,222.371,,6862,ok
mrp_log(2).txt,MRP,21,2,38.085,188.966,227.051,,6868,ok
mrp_log(2).txt,MRP,22,1,41.835,167.281,209.116,,6979,ok
mrp_log(2).txt,MRP,22,2,37.425,164.26,201.685,,6972,ok
mrp_log(2).txt,MRP,23,1,40.211,170.302,210.513,,7082,ok
mrp_log(2).txt,MRP,23,2,49.929,174.157,224.086,,7090,ok
mrp_log(2).txt,MRP,24,1,46.733,175.062,221.795,,7201,ok
mrp_log(2).txt,MRP,24,2,41.874,177.191,219.065,,7195,ok
mrp_log(2).txt,MRP,25,1,64.672,176.321,240.993,,7312,ok
mrp_log(2).txt,MRP,25,2,44.483,172.071,216.554,,7302,ok
mrp_log(2).txt,MRP2,1,1,53.592,192.542,246.134,,1262,ok
mrp_log(2).txt,MRP2,1,2,43.099,192.146,235.245,,1254,ok
mrp_log(2).txt,MRP2,2,1,49.797,236.914,286.711,,1357,ok
mrp_log(2).txt,MRP2,2,2,48.995,343.298,392.293,,1373,ok
mrp_log(2).txt,MRP2,3,1,47.484,188.895,236.379,,1477,ok
mrp_log(2).txt,MRP2,3,2,51.825,190.352,242.177,,1484,ok
mrp_log(2).txt,MRP2,4,1,48.592,332.652,381.244,,1586,ok
mrp_log(2).txt,MRP2,4,2,47.881,374.122,422.003,,1595,ok
mrp_log(2).txt,MRP2,5,1,48.209,184.897,233.106,,1706,ok
mrp_log(2).txt,MRP2,5,2,43.07,180.283,223.353,,1699,ok
mrp_log(2).txt,MRP2,6,1,58.455,314.6,373.055,,1817,ok
mrp_log(2).txt,MRP2,6,2,46.324,182.796,229.12,,1797,ok
mrp_log(2).txt,MRP2,7,1,46.256,308.15,354.406,,1928,ok
mrp_log(2).txt,MRP2,7,2,52.723,181.492,234.215,,1908,ok
mrp_log(2).txt,MRP2,8,1,42.402,180.8,223.202,,2031,ok
mrp_log(2).txt,MRP2,8,2,54.593,180.309,234.902,,2039,ok
mrp_log(2).txt,MRP2,9,1,53.908,193.405,247.313,,2144,ok
mrp_log(2).txt,MRP2,9,2,57.918,192.293,250.211,,2150,ok
mrp_log(2).txt,MRP2,10,1,39.067,183.73,222.797,,2254,ok
mrp_log(2).txt,MRP2,10,2,46.116,184.847,230.963,,2261,ok
mrp_log(2).txt,MRP2,11,1,42.743,186.047,228.79,,7427,ok
mrp_log(2).txt,MRP2,11,2,51.996,185.433,237.429,,7434,ok
mrp_log(2).txt,MRP2,12,1,44.265,179.19,223.455,,7537,ok
mrp_log(2).txt,MRP2,12,2,54.256,181.841,236.097,,7545,ok
mrp_log(2).txt,MRP2,13,1,53.376,187.496,240.872,,7656,ok
mrp_log(2).txt,MRP2,13,2,46.134,188.234,234.368,,7649,ok
mrp_log(2).txt,MRP2,14,1,45.355,184.096,229.451,,7767,ok
mrp_log(2).txt,MRP2,14,2,40.954,156.143,197.097,,7755,ok
mrp_log(2).txt,MRP2,15,1,47.544,188.168,235.712,,7867,ok
mrp_log(2).txt,MRP2,15,2,66.287,199.759,266.046,,7878,ok
mrp_log(2).txt,MRP2,16,1,57.278,753.169,810.447,,7989,ok
mrp_log(2).txt,MRP2,16,2,50.784,378.733,429.517,,7966,ok
mrp_log(2).txt,MRP2,17,1,61.713,192.777,254.49,,8078,ok
mrp_log(2).txt,MRP2,17,2,53.291,374.375,427.666,,8100,ok
mrp_log(2).txt,MRP2,18,1,46.57,375.64,422.21,,8211,ok
mrp_log(2).txt,MRP2,18,2,56.762,188.91,245.672,,8189,ok
mrp_log(2).txt,MRP2,19,1,40.648,191.606,232.254,,8316,ok
mrp_log(2).txt,MRP2,19,2,45.201,191.909,237.11,,8322,ok
mrp_log(2).txt,MRP2,20,1,54.685,185.378,240.063,,8425,ok
mrp_log(2).txt,MRP2,20,2,66.197,185.325,251.522,,8433,ok
mrp_log(2).txt,MRP2,21,1,45.325,184.105,229.43,,8533,ok
mrp_log(2).txt,MRP2,21,2,57.853,201.562,259.415,,8544,ok
mrp_log(2).txt,MRP2,22,1,49.739,188.124,237.863,,8655,ok
mrp_log(2).txt,MRP2,22,2,44.999,187.295,232.294,,8648,ok
mrp_log(2).txt,MRP2,23,1,54.527,189.6,244.127,,8743,ok
mrp_log(2).txt,MRP2,23,2,61.659,353.082,414.741,,8766,ok
mrp_log(2).txt,MRP2,24,1,43.551,182.097,225.648,,8877,ok
mrp_log(2).txt,MRP2,24,2,40.761,167.503,208.264,,8868,ok
mrp_log(2).txt,MRP2,25,1,86.106,370.662,456.768,,8988,ok
mrp_log(2).txt,MRP2,25,2,54.166,187.064,241.23,,8962,ok
mrp_log(2).txt,MRP3,1,1,60.901,393.119,454.02,,2373,ok
mrp_log(2).txt,MRP3,1,2,48.672,200.802,249.474,,2349,ok
mrp_log(2).txt,MRP3,2,1,57.133,397.95,455.083,,2484,ok
mrp_log(2).txt,MRP3,2,2,49.293,394.354,443.647,,2478,ok
mrp_log(2).txt,MRP3,3,1,42.2,197.157,239.357,,2595,ok
mrp_log(2).txt,MRP3,3,2,42.707,194.526,237.233,,2589,ok
mrp_log(2).txt,MRP3,4,1,43.847,366.257,410.104,,2706,ok
mrp_log(2).txt,MRP3,4,2,43.275,293.54,336.815,,2694,ok
mrp_log(2).txt,MRP3,5,1,38.954,318.107,357.061,,2817,ok
mrp_log(2).txt,MRP3,5,2,36.69,192.748,229.438,,2798,ok
mrp_log(2).txt,MRP3,6,1,46.361,235.035,281.396,,2928,ok
mrp_log(2).txt,MRP3,6,2,59.631,218.438,278.069,,2922,ok
mrp_log(2).txt,MRP3,7,1,49.102,191.767,240.869,,3039,ok
mrp_log(2).txt,MRP3,7,2,39.447,189.903,229.35,,3031,ok
mrp_log(2).txt,MRP3,8,1,44.662,289.701,334.363,,3135,ok
mrp_log(2).txt,MRP3,8,2,48.129,385.687,433.816,,3150,ok
mrp_log(2).txt,MRP3,9,1,49.782,202.202,251.984,,3238,ok
mrp_log(2).txt,MRP3,9,2,51.516,397.826,449.342,,3261,ok
mrp_log(2).txt,MRP3,10,1,38.614,189.0,227.614,,3372,ok
mrp_log(2).txt,MRP3,10,2,67.396,147.89,215.286,,3364,ok
mrp_log(2).txt,MRP3,11,1,47.644,199.888,247.532,,9104,ok
mrp_log(2).txt,MRP3,11,2,51.563,198.704,250.267,,9110,ok
mrp_log(2).txt,MRP3,12,1,40.807,124.158,164.965,,9199,ok
mrp_log(2).txt,MRP3,12,2,55.847,201.284,257.131,,9221,ok
mrp_log(2).txt,MRP3,13,1,41.405,195.797,237.202,,9324,ok
mrp_log(2).txt,MRP3,13,2,52.659,199.203,251.862,,9332,ok
mrp_log(2).txt,MRP3,14,1,54.992,374.563,429.555,,9443,ok
mrp_log(2).txt,MRP3,14,2,36.904,191.276,228.18,,9418,ok
mrp_log(2).txt,MRP3,15,1,48.133,395.302,443.435,,9554,ok
mrp_log(2).txt,MRP3,15,2,50.103,346.246,396.349,,9544,ok
mrp_log(2).txt,MRP3,16,1,47.857,195.873,243.73,,9658,ok
mrp_log(2).txt,MRP3,16,2,56.513,194.96,251.473,,9665,ok
mrp_log(2).txt,MRP4,1,1,82.562,221.84,304.402,,3463,ok
mrp_log(2).txt,MRP4,1,2,71.28,410.003,481.283,,3484,ok
mrp_log(2).txt,MRP4,2,1,48.575,208.647,257.222,,3571,ok
mrp_log(2).txt,MRP4,2,2,60.048,414.9,474.948,,3595,ok
mrp_log(2).txt,MRP4,3,1,50.306,309.117,359.423,,3706,ok
mrp_log(2).txt,MRP4,3,2,71.355,208.616,279.971,,3692,ok
mrp_log(2).txt,MRP4,4,1,49.273,203.912,253.185,,3798,ok
mrp_log(2).txt,MRP4,4,2,56.242,323.33,379.572,,3817,ok
mrp_log(2).txt,MRP4,5,1,55.425,419.44,474.865,,3928,ok
mrp_log(2).txt,MRP4,5,2,50.426,421.92,472.346,,3922,ok
mrp_log(2).txt,MRP4,6,1,62.25,205.66,267.91,,4016,ok
mrp_log(2).txt,MRP4,6,2,49.136,425.364,474.5,,4039,ok
mrp_log(2).txt,MRP4,7,1,46.607,213.866,260.473,,4128,ok
mrp_log(2).txt,MRP4,7,2,58.935,378.668,437.603,,4150,ok
mrp_log(2).txt,MRP4,8,1,65.472,396.491,461.963,,4261,ok
mrp_log(2).txt,MRP4,8,2,46.466,202.936,249.402,,4237,ok
mrp_log(2).txt,MRP4,9,1,50.271,193.718,243.989,,4345,ok
mrp_log(2).txt,MRP4,9,2,64.533,481.079,545.612,,4372,ok
mrp_log(2).txt,MRP4,10,1,61.702,428.879,490.581,,4483,ok
mrp_log(2).txt,MRP4,10,2,56.264,351.344,407.608,,4471,ok
mrp_log(2).txt,MRP5,1,1,73.282,224.965,298.247,,4570,ok
mrp_log(2).txt,MRP5,1,2,102.625,446.564,549.189,,4595,ok
mrp_log(2).txt,MRP5,2,1,79.196,626.516,705.712,,4706,ok
mrp_log(2).txt,MRP5,2,2,56.713,263.233,319.946,,4679,ok
mrp_log(2).txt,MRP5,3,1,72.154,847.261,919.415,,4817,ok
mrp_log(2).txt,MRP5,3,2,69.44,206.542,275.982,,4785,ok
mrp_log(2).txt,MRP5,4,1,68.339,386.631,454.97,,4928,ok
mrp_log(2).txt,MRP5,4,2,63.456,366.58,430.036,,4920,ok
mrp_log(2).txt,MRP5,5,1,78.033,414.496,492.529,,5039,ok
mrp_log(2).txt,MRP5,5,2,55.847,209.418,265.265,,5014,ok
mrp_log(2).txt,MRP5,6,1,64.47,428.395,492.865,,5144,ok
mrp_log(2).txt,MRP5,6,2,72.946,427.304,500.25,,5150,ok
mrp_log(2).txt,MRP5,7,1,60.647,422.219,482.866,,5261,ok
mrp_log(2).txt,MRP5,7,2,51.139,213.823,264.962,,5237,ok
mrp_log(2).txt,MRP5,8,1,62.88,430.264,493.144,,5365,ok
mrp_log(2).txt,MRP5,8,2,64.276,447.372,511.648,,5372,ok
mrp_log(2).txt,MRP5,9,1,60.671,448.384,509.055,,5483,ok
mrp_log(2).txt,MRP5,9,2,79.042,224.599,303.641,,5461,ok
mrp_log(2).txt,MRP5,10,1,78.575,452.129,530.704,,5594,ok
mrp_log(2).txt,MRP5,10,2,58.084,228.861,286.945,,5570,ok
mrp6_log(1).txt,MRP2.1,1,1,72.924,208.34,281.264,,128,ok
mrp6_log(1).txt,MRP2.1,1,2,73.2,398.072,471.272,,151,ok
mrp6_log(1).txt,MRP2.1,2,1,47.126,201.29,248.416,,262,ok
mrp6_log(1).txt,MRP2.1,2,2,46.443,197.923,244.366,,256,ok
mrp6_log(1).txt,MRP2.1,3,1,58.618,201.293,259.911,,367,ok
mrp6_log(1).txt,MRP2.1,3,2,59.232,201.398,260.63,,373,ok
mrp6_log(1).txt,MRP2.1,4,1,54.792,199.809,254.601,,484,ok
mrp6_log(1).txt,MRP2.1,4,2,42.244,198.399,240.643,,476,ok
mrp6_log(1).txt,MRP2.1,5,1,46.873,146.314,193.187,,581,ok
mrp6_log(1).txt,MRP2.1,5,2,45.24,196.261,241.501,,595,ok
mrp6_log(1).txt,MRP2.1,6,1,53.556,374.068,427.624,,706,ok
mrp6_log(1).txt,MRP2.1,6,2,63.501,205.579,269.08,,685,ok
mrp6_log(1).txt,MRP2.1,7,1,41.147,200.265,241.412,,817,ok
mrp6_log(1).txt,MRP2.1,7,2,44.634,194.959,239.593,,811,ok
mrp6_log(1).txt,MRP2.1,8,1,49.046,205.498,254.544,,922,ok
mrp6_log(1).txt,MRP2.1,8,2,54.663,203.884,258.547,,928,ok
mrp6_log(1).txt,MRP2.1,9,1,50.563,205.959,256.522,,1039,ok
mrp6_log(1).txt,MRP2.1,9,2,51.255,203.307,254.562,,1033,ok
mrp6_log(1).txt,MRP2.1,10,1,44.742,199.644,244.386,,1144,ok
mrp6_log(1).txt,MRP2.1,10,2,41.456,206.5,247.956,,1150,ok
